retailer,observed_at,product_url,product_name,price_raw,brand_raw,origin_raw,category_raw,parent_category_raw,unit_raw,sold_count_raw,last_week_sold_raw
WEEE,2026-08-31,https://www.weee.com/en/product/-Arencia-Vitamin-C-Booster-Shot-30ml/3071344?utm_source=seo-main-storefront&utm_campaign=new-arrivals&utm_content=product-3071344&checkZip=true,"[Arencia] Vitamin C Booster Shot, 30ml 30 ml","$
24
00",,South Korea,Moisturizer \u0026 Sunscreen,Personal care,30 ml,,
WEEE,2026-08-31,https://www.weee.com/en/product/-Bamboo-Bebe-Signature-Baby-Gauze-Handkerchie/3073551?utm_source=seo-main-storefront&utm_campaign=new-arrivals&utm_content=product-3073551&checkZip=true,[Bamboo Bebe] Signature Baby Gauze Handkerchie 1 pack,"$
32
00",,South Korea,Baby,Personal care,1 pack,,
WEEE,2026-08-31,https://www.weee.com/en/product/100-Korean-Spicy-Marinated-Crab/114374?utm_source=seo-main-storefront&utm_campaign=new-arrivals&utm_content=product-114374&checkZip=true,100% Korean Spicy Marinated Crab 450 g,"$
13
49
$0.85/oz",Shop more from Haedam Seafood,South Korea,Meals \u0026 Entrees,Frozen,450 g,,
WEEE,2026-08-31,https://www.weee.com/en/product/ASSI-Seaweed-Noodles/105383?utm_source=seo-main-storefront&utm_campaign=trending-near-you&utm_content=product-105383&checkZip=true,ASSI Seaweed Noodles 2.2 lb,"$
6
29
$0.18/oz",Shop more from Assi,South Korea,Noodles \u0026 Wraps,Tofu \u0026 Vegan,2.2 lb,,
WEEE,2026-08-31,https://www.weee.com/en/product/Ai-Delicious-Soft-Tofu-White-Kimchi-Stew/3073138?utm_source=seo-main-storefront&utm_campaign=new-arrivals&utm_content=product-3073138&checkZip=true,Ai Delicious - Soft Tofu White Kimchi Stew 200 g,"$
11
99
$1.70/oz",,South Korea,Instant Hot Pot \u0026 Meals,Instant,200 g,,
WEEE,2026-08-31,https://www.weee.com/en/product/Bongpyeongchon-Buckwheat-Noodles/3073525?utm_source=seo-main-storefront&utm_campaign=new-arrivals&utm_content=product-3073525&checkZip=true,Bongpyeongchon Buckwheat Noodles 420 g*3 pack,"$
26
00
$0.58/oz",,South Korea,Noodles \u0026 Rice Noodles,Dry Goods,420 g,,
WEEE,2026-08-31,https://www.weee.com/en/product/Boy-Bawang-Cornick--Adobo-Flavor/3525?utm_source=seo-main-storefront&utm_campaign=top-products-for-korean-store&utm_content=product-3525&checkZip=true,"Boy Bawang Cornick, Adobo Flavor 90 g","$
1
29
$0.41/oz",Shop more from Boy Bawang,Philippines,Nuts \u0026 Seeds,Snacks,90 g,,
WEEE,2026-08-31,https://www.weee.com/en/product/Boy-Bawang-Cornick--BBQ-Flavor/3524?utm_source=seo-main-storefront&utm_campaign=top-products-for-korean-store&utm_content=product-3524&checkZip=true,"Boy Bawang Cornick, BBQ Flavor 90 g","$
1
29
$0.41/oz",Shop more from Boy Bawang,Philippines,Nuts \u0026 Seeds,Snacks,90 g,,
WEEE,2026-08-31,https://www.weee.com/en/product/Boy-Bawang-Cornick--Garlic-Flavor/3526?utm_source=seo-main-storefront&utm_campaign=top-products-for-korean-store&utm_content=product-3526&checkZip=true,"Boy Bawang Cornick, Garlic Flavor 90 g","$
1
29
/ea for 3 or more
$1.79/ea",Shop more from Boy Bawang,Philippines,Nuts \u0026 Seeds,Snacks,90 g,,
WEEE,2026-08-31,https://www.weee.com/en/product/CJ-Foods-Gochujang-Hot-Pepper-Paste--Mild-Flavor/27707?utm_source=seo-main-storefront&utm_campaign=trending-near-you&utm_content=product-27707&checkZip=true,"CJ Foods Gochujang Hot Pepper Paste, Mild Flavor 1000 g","$
8
99
$0.25/oz",Shop more from CJ,South Korea,Hot Sauce,Seasoning,1000 g,,
WEEE,2026-08-31,https://www.weee.com/en/product/Chang-Shing-Five-Spiced-Tofu/111620?utm_source=seo-main-storefront&utm_campaign=top-products-for-korean-store&utm_content=product-111620&checkZip=true,Chang Shing Five Spiced Tofu 12 oz,"$
3
29
$0.27/oz",,United States,Bean Curd,Tofu \u0026 Vegan,12 oz,,
WEEE,2026-08-31,https://www.weee.com/en/product/China-Tofu-Five-Spices-Marinated-Bean-Curd/30878?utm_source=seo-main-storefront&utm_campaign=top-products-for-korean-store&utm_content=product-30878&checkZip=true,China Tofu Five Spices Marinated Bean Curd 454 g,"$
2
99
$0.19/oz",Shop more from China Tofu,Taiwan,Bean Curd,Tofu \u0026 Vegan,454 g,,
WEEE,2026-08-31,https://www.weee.com/en/product/Dae-Chun-Premium-Canned-Gopchang-Seaweed/109684?utm_source=seo-main-storefront&utm_campaign=trending-near-you&utm_content=product-109684&checkZip=true,Dae Chun Premium Canned Gopchang Seaweed 30 g,"$
6
79
$6.41/oz",Shop more from Dae Chun,South Korea,Seaweed,Snacks,30 g,,
WEEE,2026-08-31,https://www.weee.com/en/product/Daedoo-Real-Sweet-Potato-Bread/103385?utm_source=seo-main-storefront&utm_campaign=trending-near-you&utm_content=product-103385&checkZip=true,"Daedoo Real Sweet Potato Bread, Frozen 480 g",$1049$0.62/oz,,South Korea,Bread,Bakery,480 g,,
WEEE,2026-08-31,https://www.weee.com/en/product/Daifuku-Taro-Korean-Pancake/35734?utm_source=seo-main-storefront&utm_campaign=top-products-for-korean-store&utm_content=product-35734&checkZip=true,"Daifuku Taro Korean Pancake, Frozen 480 g","$
9
99
$0.59/oz",Shop more from Daifuku,Taiwan,Pancakes,Frozen,480 g,,
WEEE,2026-08-31,https://www.weee.com/en/product/Delicious-Baby-Napa-Cabbage-Soybean-Paste-Soup/3073137?utm_source=seo-main-storefront&utm_campaign=new-arrivals&utm_content=product-3073137&checkZip=true,Delicious Baby - Napa Cabbage Soybean Paste Soup 200 g,"$
11
99
$1.70/oz",,South Korea,Instant Hot Pot \u0026 Meals,Instant,200 g,,
WEEE,2026-08-31,https://www.weee.com/en/product/Dongwon-Canned-Light-Tuna-with-Hot-Pepper-Sauce-150g-4/25674?utm_source=seo-main-storefront&utm_campaign=trending-near-you&utm_content=product-25674&checkZip=true,Dongwon Canned Light Tuna with Hot Pepper Sauce 150g*4 600 g,"$
11
49
$14.49",Shop more from Dongwon,South Korea,Canned Food,Canned,600 g,,
WEEE,2026-08-31,https://www.weee.com/en/product/Drinkable-Raw-Soy-Milk-Seoritae-99-3/3073055?utm_source=seo-main-storefront&utm_campaign=new-arrivals&utm_content=product-3073055&checkZip=true,Drinkable Raw Soy Milk Seoritae 99.3 500 g,"$
29
99
$1.70/oz",,South Korea,Tea,Beverages,500 g,,
WEEE,2026-08-31,https://www.weee.com/en/product/Drinking-Soybean-Milk-Jeju-Matcha/3073056?utm_source=seo-main-storefront&utm_campaign=new-arrivals&utm_content=product-3073056&checkZip=true,Drinking Soybean Milk Jeju Matcha 500 g,"$
29
99
$1.70/oz",,South Korea,Tea,Beverages,500 g,,
WEEE,2026-08-31,https://www.weee.com/en/product/Enoki-Mushrooms/38441?utm_source=seo-main-storefront&utm_campaign=trending-near-you&utm_content=product-38441&checkZip=true,Enoki Mushrooms 200 g,$288$3.49,,"South Korea, Mainland China",Mushrooms,Vegetables,200 g,,
WEEE,2026-08-31,https://www.weee.com/en/product/Frozen-Asia-White-Clam-Frozen-1/62570?utm_source=seo-main-storefront&utm_campaign=top-products-for-korean-store&utm_content=product-62570&checkZip=true,"Frozen Asia White Clam, Frozen 2 lb","$
6
99
$0.22/oz",,Vietnam,Shellfish,Seafood,2 lb,,
WEEE,2026-08-31,https://www.weee.com/en/product/Green-Onion/58583?utm_source=seo-main-storefront&utm_campaign=trending-near-you&utm_content=product-58583&checkZip=true,Green Onion 1 bunch,"$
0
89",,United States,Herbs,Vegetables,1 bunch,,
WEEE,2026-08-31,https://www.weee.com/en/product/Haitai-Daipoong-Korean-Premium-Medium-Rice/106076?utm_source=seo-main-storefront&utm_campaign=trending-near-you&utm_content=product-106076&checkZip=true,Haitai Daipoong Korean Premium Medium Rice 15 lb,"$
11
99
$12.99",Shop more from Haitai,United States,Rice,Dry Goods,15 lb,,
WEEE,2026-08-31,https://www.weee.com/en/product/Hansang-Sliced-Rice-Cake-For-Tteokbokki/20800?utm_source=seo-main-storefront&utm_campaign=trending-near-you&utm_content=product-20800&checkZip=true,Hansang Sliced Rice Cake For Tteokbokki 2.2 lb,"$
4
99
$0.14/oz",Shop more from Hansang,South Korea,Noodles \u0026 Wraps,Tofu \u0026 Vegan,2.2 lb,,
WEEE,2026-08-31,https://www.weee.com/en/product/Hapi-Japanese-Pudding-Frozen-3pc/95700?utm_source=seo-main-storefront&utm_campaign=top-products-for-korean-store&utm_content=product-95700&checkZip=true,Hapi Japanese Pudding Frozen 3pc 240 g,"$
2
99
$0.35/oz",Shop more from Hapi,Japan,Bread \u0026 Desserts,Frozen,240 g,,
WEEE,2026-08-31,https://www.weee.com/en/product/Honey-Tangerine/34583?utm_source=seo-main-storefront&utm_campaign=top-products-for-korean-store&utm_content=product-34583&checkZip=true,Honey Tangerine 3 lb,"$
5
99
$2.00/lb",,Mexico,Citrus,Fruits,3 lb,,
WEEE,2026-08-31,https://www.weee.com/en/product/Honey-Tangerines/45759?utm_source=seo-main-storefront&utm_campaign=top-products-for-korean-store&utm_content=product-45759&checkZip=true,Honey Tangerines 2.9-3.1 lb,"$
5
99
$2.00/lb",,United States,Citrus,Fruits,2.9-3.1 lb,,
WEEE,2026-08-31,https://www.weee.com/en/product/Imuraya-Monaka-Ice-Cream-Sandwich-Chocolate-Flavor/32961?utm_source=seo-main-storefront&utm_campaign=top-products-for-korean-store&utm_content=product-32961&checkZip=true,Imuraya Monaka Ice Cream Sandwich Chocolate Flavor 5.07 oz,$299/ea for 3 or more$3.49/ea,,Japan,Ice Cream,Frozen,5.07 oz,,
WEEE,2026-08-31,https://www.weee.com/en/product/Jelly-B-Drinkable-Konjac-Jelly-Lychee-Flavor/65677?utm_source=seo-main-storefront&utm_campaign=trending-near-you&utm_content=product-65677&checkZip=true,"Jelly.B Drinkable Konjac Jelly, Lychee Flavor 150 ml*10 pack","$
13
99
$0.28/fl.oz",Shop more from Jelly. B,South Korea,Fruit Drinks,Beverages,150 ml,,
WEEE,2026-08-31,https://www.weee.com/en/product/Jongga-Mat-Kimchi/103717?utm_source=seo-main-storefront&utm_campaign=trending-near-you&utm_content=product-103717&checkZip=true,Jongga Mat Kimchi 1200 g,"$
12
99
$0.31/oz",Shop more from Jongga,United States,Kimchi,Tofu \u0026 Vegan,1200 g,,
WEEE,2026-08-31,https://www.weee.com/en/product/Jongga-Sliced-Cabbage-Kimchi/97006?utm_source=seo-main-storefront&utm_campaign=trending-near-you&utm_content=product-97006&checkZip=true,Jongga Sliced Cabbage Kimchi 400 g,"$
4
68
$5.79",Shop more from Jongga,South Korea,Kimchi,Tofu \u0026 Vegan,400 g,,
WEEE,2026-08-31,https://www.weee.com/en/product/La-Conviette-Premium-Butter-Salted-X-10-rolls/113203?utm_source=seo-main-storefront&utm_campaign=trending-near-you&utm_content=product-113203&checkZip=true,"La Conviette Premium Butter Salted X 10 rolls, Frozen 150 g","$
11
99",Shop more from La Conviette​,France,Butter,Dairy \u0026 Eggs,150 g,,
WEEE,2026-08-31,https://www.weee.com/en/product/Lee-Kum-Kee-Dark-Roast-100-Premium-Sesame-Oil-Product-of-Japan-55-7-fl-oz/114427?utm_source=seo-main-storefront&utm_campaign=new-arrivals&utm_content=product-114427&checkZip=true,Lee Kum Kee Dark Roast 100% Premium Sesame Oil Product of Japan 55.7 fl.oz 55.7 fl.oz,"$
23
99
$0.43/fl.oz",Shop more from Lee Kum Kee,Japan,Dipping Sauces,Seasoning,55.7 fl.oz,,
WEEE,2026-08-31,https://www.weee.com/en/product/Lotte-Chefood-Samgak-Kimbap-Kimchi-Tuna-110g-X-3pcs-Frozen-1/114413?utm_source=seo-main-storefront&utm_campaign=new-arrivals&utm_content=product-114413&checkZip=true,"Lotte Chefood Samgak Kimbap Kimchi Tuna 110g X 3pcs, Frozen 330 g","$
12
99
$1.12/oz",Shop more from Lotte,South Korea,Meals \u0026 Entrees,Frozen,330 g,,
WEEE,2026-08-31,https://www.weee.com/en/product/Lotte-Chefood-Samgak-Kimbap-Soy-Egg-110g-X-3pcs-Frozen-1/114412?utm_source=seo-main-storefront&utm_campaign=new-arrivals&utm_content=product-114412&checkZip=true,"Lotte Chefood Samgak Kimbap Soy Egg 110g X 3pcs, Frozen 330 g","$
12
99
$1.12/oz",Shop more from Lotte,South Korea,Meals \u0026 Entrees,Frozen,330 g,,
WEEE,2026-08-31,https://www.weee.com/en/product/Lotte-Choco-Pie-Cacao-12ct/27819?utm_source=seo-main-storefront&utm_campaign=new-arrivals&utm_content=product-27819&checkZip=true,Lotte Choco Pie Cacao 12ct 336 g,"$
6
79
$0.57/oz",Shop more from Lotte,South Korea,Crackers \u0026 Cookies,Snacks,336 g,,
WEEE,2026-08-31,https://www.weee.com/en/product/Magnolia-Cooked-Pork-Sisig--Stir-Fried-Pork---Frozen-1/100526?utm_source=seo-main-storefront&utm_campaign=top-products-for-korean-store&utm_content=product-100526&checkZip=true,"Magnolia Cooked Pork Sisig (Stir-Fried Pork), Frozen 10 oz","$
11
99
$1.20/oz",Shop more from Magnolia,United States,Meals \u0026 Entrees,Frozen,10 oz,,
WEEE,2026-08-31,https://www.weee.com/en/product/Nature-s-Soy-Silken-Tofu/19237?utm_source=seo-main-storefront&utm_campaign=trending-near-you&utm_content=product-19237&checkZip=true,Nature's Soy Silken Tofu 17 oz,"$
1
99
/ea for 2 or more
$2.49/ea",Shop more from Nature's Soy,United States,Tofu,Tofu \u0026 Vegan,17 oz,,
WEEE,2026-08-31,https://www.weee.com/en/product/New-Gold-Premium-Treatment-500ml/3071336?utm_source=seo-main-storefront&utm_campaign=new-arrivals&utm_content=product-3071336&checkZip=true,New Gold Premium Treatment 500ml 1 each,"$
45
00",Shop more from TS shampoo,South Korea,Shampoo \u0026 Conditioner,Personal care,1 each,,
WEEE,2026-08-31,https://www.weee.com/en/product/Nonghyup-Pungsan-whole-Kimchi/101540?utm_source=seo-main-storefront&utm_campaign=trending-near-you&utm_content=product-101540&checkZip=true,Nonghyup Pungsan whole Kimchi 5.07 lb,"$
15
88
$19.99",Shop more from Pungsan,South Korea,Kimchi,Tofu \u0026 Vegan,5.07 lb,,
WEEE,2026-08-31,https://www.weee.com/en/product/OTOKI-JAPCHAE-NOODLES/114417?utm_source=seo-main-storefront&utm_campaign=new-arrivals&utm_content=product-114417&checkZip=true,OTOKI JAPCHAE NOODLES 75 g*4 pack,"$
11
99
$1.13/oz",Shop more from Otoki,South Korea,Instant Noodles,Instant,75 g,,
WEEE,2026-08-31,https://www.weee.com/en/product/Oceankist-IQF-Oyster-Meat/52394?utm_source=seo-main-storefront&utm_campaign=top-products-for-korean-store&utm_content=product-52394&checkZip=true,Oceankist IQF Oyster Meat 8 oz,"$
5
99
$0.75/oz",Shop more from Oceankist,South Korea,Shellfish,Seafood,8 oz,,
WEEE,2026-08-31,https://www.weee.com/en/product/Ojai-Pixie-Tangerines/70811?utm_source=seo-main-storefront&utm_campaign=top-products-for-korean-store&utm_content=product-70811&checkZip=true,Ojai Pixie Tangerines 1 lb,"$
4
99
$4.99/lb",Shop more from Melissa's,United States,Citrus,Fruits,1 lb,,
WEEE,2026-08-31,https://www.weee.com/en/product/Otoki-Noodle-Tteok-Bokki-Spicy-Rice-Cake-with-Noodle/24694?utm_source=seo-main-storefront&utm_campaign=new-arrivals&utm_content=product-24694&checkZip=true,Otoki Noodle Tteok-Bokki Spicy Rice Cake with Noodle 436 g,"$
6
49
$0.42/oz",Shop more from Otoki,South Korea,Instant Hot Pot \u0026 Meals,Instant,436 g,,
WEEE,2026-08-31,https://www.weee.com/en/product/Pulmuone-Korean-Style-Fresh-Noodles-for-Kalguksoo/84124?utm_source=seo-main-storefront&utm_campaign=new-arrivals&utm_content=product-84124&checkZip=true,Pulmuone Korean Style Fresh Noodles for Kalguksoo 37 oz,"$
8
79
$0.24/oz",Shop more from Pulmuone,South Korea,Noodles \u0026 Wraps,Tofu \u0026 Vegan,37 oz,,
WEEE,2026-08-31,https://www.weee.com/en/product/Pyeongchang-Gluten-Free-Gondre-Green-Noodle/114405?utm_source=seo-main-storefront&utm_campaign=new-arrivals&utm_content=product-114405&checkZip=true,Pyeongchang Gluten-Free Gondre Green Noodle 10.58 oz,"$
13
99
$1.32/oz",,South Korea,Noodles \u0026 Rice Noodles,Dry Goods,10.58 oz,,
WEEE,2026-08-31,https://www.weee.com/en/product/Quoc-Viet-Beef-Flavored-Pho-Soup-Base/6600?utm_source=seo-main-storefront&utm_campaign=trending-near-you&utm_content=product-6600&checkZip=true,Quoc Viet Beef Flavored Pho Soup Base 10 oz,"$
8
29
$0.83/oz",Shop more from Quoc Viet,United States,Soup Base,Seasoning,10 oz,,
WEEE,2026-08-31,https://www.weee.com/en/product/Rhee-Chun-New-Variety-Extra-Fancy-Rice/2802?utm_source=seo-main-storefront&utm_campaign=trending-near-you&utm_content=product-2802&checkZip=true,Rhee Chun New Variety Extra Fancy Rice 15 lb,"$
13
99
$0.93/lb",,United States,Rice,Dry Goods,15 lb,,
WEEE,2026-08-31,https://www.weee.com/en/product/Sarangani-Bay-Bangus-Sisig-Cooked-Marinated-Milkfish-Flakes--Frozen-1/93812?utm_source=seo-main-storefront&utm_campaign=top-products-for-korean-store&utm_content=product-93812&checkZip=true,"Sarangani Bay Bangus Sisig Cooked Marinated Milkfish Flakes, Frozen 1 lb","$
7
99
$0.50/oz",Shop more from Sarangani Bay,Philippines,Meals \u0026 Entrees,Frozen,1 lb,,
WEEE,2026-08-31,https://www.weee.com/en/product/Shirakiku-Sanukiya-Udon--Frozen-1/81402?utm_source=seo-main-storefront&utm_campaign=trending-near-you&utm_content=product-81402&checkZip=true,"Shirakiku Sanukiya Udon, Frozen 2.75 lb","$
5
99
$0.14/oz",Shop more from Shirakiku,Japan,Meals \u0026 Entrees,Frozen,2.75 lb,,
WEEE,2026-08-31,https://www.weee.com/en/product/Super-Sweet-Yam-Gift-Box/100853?utm_source=seo-main-storefront&utm_campaign=top-products-for-korean-store&utm_content=product-100853&checkZip=true,Super Sweet Yam Gift Box 5 lb,"$
12
99
$16.99",,United States,Potatoes \u0026 Yams,Vegetables,5 lb,,
WEEE,2026-08-31,https://www.weee.com/en/product/Sweet-Potato-Gift-Pack/50675?utm_source=seo-main-storefront&utm_campaign=top-products-for-korean-store&utm_content=product-50675&checkZip=true,Sweet Potato Gift Pack 10 lb,"$
29
99
$3.00/lb",Shop more from Oct. Sweet,United States,Potatoes \u0026 Yams,Vegetables,10 lb,,
WEEE,2026-08-31,https://www.weee.com/en/product/Tatlong-Itlog-Pork-Sisig-Kapampangan-Stir-Fried-Pork-/109221?utm_source=seo-main-storefront&utm_campaign=top-products-for-korean-store&utm_content=product-109221&checkZip=true,"Tatlong Itlog Pork Sisig Kapampangan (Stir-Fried Pork), Frozen 12 oz","$
13
49
$1.12/oz",,United States,Meals \u0026 Entrees,Frozen,12 oz,,
WEEE,2026-08-31,https://www.weee.com/en/product/Thin-Sliced-Pork-Belly-Roll--Skinless--Frozen-1/24702?utm_source=seo-main-storefront&utm_campaign=trending-near-you&utm_content=product-24702&checkZip=true,"Thin Sliced Pork Belly Roll, Skinless, Frozen 1 lb","$
8
99
$8.99/lb",,Hungary,Pork,Meat,1 lb,,
WEEE,2026-08-31,https://www.weee.com/en/product/Umji-s-Korean-Sweet-Potato-Pancake/114449?utm_source=seo-main-storefront&utm_campaign=new-arrivals&utm_content=product-114449&checkZip=true,Umji's Korean Sweet Potato Pancake 280 g,"$
5
99
$0.61/oz",Shop more from Unexpected Meal,South Korea,Pancakes,Frozen,280 g,,
WEEE,2026-08-31,https://www.weee.com/en/product/Water-Lilies-Brand-Spiced-Jumbo-Thick-Dry-Tofu/41012?utm_source=seo-main-storefront&utm_campaign=top-products-for-korean-store&utm_content=product-41012&checkZip=true,Water Lilies Brand Spiced Jumbo Thick Dry Tofu 21 oz,"$
4
49
$0.21/oz",Shop more from LianHua,Taiwan,Bean Curd,Tofu \u0026 Vegan,21 oz,,
WEEE,2026-08-31,https://www.weee.com/en/product/Yellow-Yams/9728?utm_source=seo-main-storefront&utm_campaign=top-products-for-korean-store&utm_content=product-9728&checkZip=true,Yellow Yams 2.7-3.2 lb,"$
4
99
$1.69/lb",,United States,Potatoes \u0026 Yams,Vegetables,2.7-3.2 lb,,
WEEE,2026-08-31,https://www.weee.com/en/product/Yissine-Pickled-Whole-Radish/104654?utm_source=seo-main-storefront&utm_campaign=trending-near-you&utm_content=product-104654&checkZip=true,Yissine Pickled Whole Radish 2.2 lb,"$
5
99
$0.17/oz",Shop more from Yissine,Mainland China,Pickled Vegetables,Tofu \u0026 Vegan,2.2 lb,,
WEEE,2026-08-31,https://www.weee.com/en/product/Youki-Fine-Korean-Chili-Pepper-Powder-300g/3072479?utm_source=seo-main-storefront&utm_campaign=new-arrivals&utm_content=product-3072479&checkZip=true,Youki Fine Korean Chili Pepper Powder 300g 1 each,"$
32
39
$35.99",,South Korea,Dry Seasoning,Seasoning,1 each,,
